{
    "loss": 2.5769076347351074,
    "accuracy": 0.8156841993331909
}